,baseMean,log2FoldChange,lfcSE,stat,pvalue,padj,rank
CXCR4,165.7008472,1.657793056,0.481033311,3.446316537,0.000568284,0.024675502,3.25E+00
CD68,85.70056779,1.379483484,0.47608977,2.897528095,0.00376116,0.040999561,2.42E+00
CXCL16,33.65295514,1.366562265,0.510522713,2.676790339,0.007433113,0.046865852,2.13E+00
ITGAX,79.07874069,1.083258163,0.297870182,3.636678759,0.000276176,0.01856128,3.56E+00
APOE,1569.362483,0.977761872,0.470850176,2.076588096,0.037839592,0.098168754,1.42E+00
TREM2,77.64399667,0.963666925,0.317134542,3.038669076,0.002376257,0.038240208,2.62E+00
CSTA,49.3275635,0.920301211,0.247479362,3.718698819,0.000200252,0.018356401,3.70E+00
GRN,255.4613791,0.915061343,0.412902497,2.216168105,0.026679991,0.080922768,1.57E+00
HMOX1,100.1534249,0.8809578,0.298638235,2.949916314,0.0031786,0.040999561,2.50E+00
MMP9,24.43966728,0.869697871,0.272030789,3.197056756,0.001388376,0.036122433,2.86E+00
HLA-DRA,255.5033955,0.854881692,0.530221262,1.612311224,0.106894232,0.186402972,9.71E-01
NGFR,58.32448146,0.833426721,0.206900656,4.028149239,5.62E-05,0.010356772,4.25E+00
ITGAL,13.56536717,0.829865001,0.392928688,2.111999014,0.034686534,0.092910359,1.46E+00
NPC2,483.612629,0.82537767,0.379561022,2.174558559,0.029663213,0.084755177,1.53E+00
TGFB1,99.31590358,0.782088354,0.280951051,2.78371749,0.005373982,0.042047671,2.27E+00
LPO,39.335859,0.77683537,0.213034865,3.646517535,0.000265818,0.01856128,3.58E+00
APOA1,43.24873701,0.761564042,0.217164299,3.50685654,0.000453434,0.022506332,3.34E+00
KLK6,98.03202176,0.734539065,0.191556642,3.83457893,0.00012578,0.014824022,3.90E+00
PLIN3,175.9482809,0.731305834,0.171278499,4.269688481,1.96E-05,0.00807453,4.71E+00
NKX6-2,118.121642,0.715042477,0.196267036,3.643212294,0.000269257,0.01856128,3.57E+00
MMP2,30.69196904,0.706135288,0.219617287,3.215299204,0.001303086,0.036122433,2.89E+00
MMP14,11.99860893,0.703830815,0.409224568,1.719913392,0.085448186,0.161169226,1.07E+00
PLA2G2F,42.69929752,0.686673258,0.230224158,2.982629039,0.002857841,0.040650332,2.54E+00
SPI1,106.9834277,0.684862976,0.313552975,2.184201815,0.028947422,0.08438736,1.54E+00
SLA,68.3812489,0.682890408,0.25907208,2.635908924,0.008391225,0.048751836,2.08E+00
FAM107B,251.5015581,0.680002133,0.174169066,3.90426468,9.45E-05,0.012995442,4.02E+00
GDNF,58.86487612,0.677213448,0.223180039,3.034381796,0.002410292,0.038240208,2.62E+00
TF,533.1995109,0.669810239,0.290106703,2.30884096,0.020952408,0.071571053,1.68E+00
TCIRG1,57.88125691,0.662412857,0.228277592,2.901786592,0.003710412,0.040999561,2.43E+00
MAG,370.8795309,0.662265481,0.239804769,2.761686034,0.005750375,0.042047671,2.24E+00
PRKACG,45.49613684,0.654026852,0.266618971,2.453039444,0.01416548,0.058779009,1.85E+00
PRF1,59.69166372,0.651942107,0.207797625,3.137389592,0.001704595,0.037135876,2.77E+00
IRF8,57.05517238,0.650692592,0.244405601,2.6623473,0.007759777,0.047774746,2.11E+00
PLA2G2A,56.57482301,0.646898184,0.231608255,2.793070496,0.005221031,0.042047671,2.28E+00
IL10RA,56.82904587,0.643863012,0.240306406,2.679341859,0.007376704,0.046865852,2.13E+00
TLR2,91.85369795,0.637536022,0.186570227,3.41713698,0.000632834,0.026104415,3.20E+00
SH3TC2,57.00229835,0.634341465,0.182505033,3.475747789,0.000509431,0.023348927,3.29E+00
CD44,152.4869564,0.627574853,0.400106536,1.568519374,0.116759972,0.196585667,9.33E-01
HPGDS,71.23331351,0.610245716,0.211952399,2.879163994,0.003987309,0.041098613,2.40E+00
ENG,78.70959519,0.608144587,0.309152041,1.967137548,0.049167355,0.115235989,1.31E+00
CDC42EP1,156.9002708,0.595858063,0.166825132,3.571752389,0.000354601,0.020499917,3.45E+00
MYRF,279.4077531,0.595388719,0.214031707,2.781778122,0.005406199,0.042047671,2.27E+00
NINJ2,113.0253295,0.594942376,0.148655528,4.002154406,6.28E-05,0.010356772,4.20E+00
EPO,62.59294154,0.594175625,0.223392348,2.659785032,0.007819054,0.047783107,2.11E+00
MOG,337.2355943,0.593592392,0.213461261,2.780796799,0.005422567,0.042047671,2.27E+00
CRYAB,2790.180116,0.59091051,0.261231059,2.262022409,0.023696019,0.07528724,1.63E+00
TNFRSF12A,32.92959764,0.584856719,0.228109178,2.563933313,0.010349343,0.053091315,1.99E+00
LRRC25,37.45126254,0.580706027,0.25644893,2.264411969,0.023548789,0.07528724,1.63E+00
SMYD1,78.43204526,0.576322059,0.187206762,3.07853228,0.00208023,0.037308471,2.68E+00
MAN2B1,90.99329255,0.571294576,0.222711625,2.565176277,0.01031234,0.053091315,1.99E+00
CDC42EP2,77.15703659,0.569593706,0.129987262,4.381919401,1.18E-05,0.00807453,4.93E+00
P2RX4,40.70818147,0.569325633,0.230161134,2.473595884,0.013376091,0.057177589,1.87E+00
NCF1,118.0881842,0.5684325,0.234908227,2.419806688,0.01552876,0.061889985,1.81E+00
GABRR3,59.72033534,0.568409932,0.212657174,2.672893288,0.007520017,0.047000105,2.12E+00
NTRK1,29.23875506,0.566096403,0.276141659,2.050021739,0.04036231,0.103734908,1.39E+00
NPAS4,47.07789751,0.562236856,0.219801792,2.557926631,0.010529831,0.053295155,1.98E+00
SLC6A3,21.82309721,0.559093171,0.24496297,2.282357903,0.022468219,0.074145121,1.65E+00
AGER,11.65661956,0.558864898,0.213593254,2.61649134,0.008883862,0.050147391,2.05E+00
TNFRSF1B,28.60604899,0.557174165,0.359717851,1.548919975,0.121400959,0.202744516,9.16E-01
UBE2N,12.28732754,0.55543792,0.223242524,2.488047125,0.012844671,0.056068009,1.89E+00
CHRM5,79.37858452,0.554127385,0.187147821,2.960907487,0.003067341,0.040999561,2.51E+00
PLA2G4E,50.99156422,0.553865666,0.209371885,2.645367913,0.008160214,0.048609973,2.09E+00
FASLG,35.27207714,0.549707371,0.185566969,2.962312594,0.003053376,0.040999561,2.52E+00
GPR37,253.6621993,0.548913338,0.172560689,3.180987175,0.001467741,0.036122433,2.83E+00
CASP1,74.64163826,0.547138831,0.192623943,2.840450793,0.004504982,0.041856857,2.35E+00
NGF,43.87566185,0.546981147,0.192627984,2.839572612,0.004517401,0.041856857,2.35E+00
ERBB3,60.69046967,0.540440001,0.170716689,3.165712762,0.001547035,0.036122433,2.81E+00
DCD,47.6316374,0.53414247,0.19470107,2.743397713,0.006080699,0.04277305,2.22E+00
TMEM119,73.35380934,0.533718881,0.248842755,2.14480378,0.031968539,0.088503505,1.50E+00
NAPSA,72.04051941,0.53175388,0.213024188,2.496213615,0.012552698,0.055379552,1.90E+00
SOX10,82.03063267,0.530992514,0.171430637,3.097419005,0.001952137,0.037135876,2.71E+00
CHAT,30.89598021,0.530108802,0.210548273,2.517754219,0.01181057,0.054131781,1.93E+00
PSMB9,129.5993462,0.529194033,0.172681517,3.064566728,0.002179855,0.037921861,2.66E+00
MMP19,39.85642494,0.528800952,0.221458172,2.387814129,0.016948911,0.064092058,1.77E+00
CA2,248.6587677,0.527164576,0.382765478,1.377252145,0.168434305,0.258767787,7.74E-01
CD4,42.50693552,0.526190699,0.287245129,1.83185247,0.066973403,0.140236187,1.17E+00
CASP6,107.4278816,0.525486681,0.181439081,2.89621551,0.003776929,0.040999561,2.42E+00
TNF,58.34012425,0.520573661,0.213495124,2.438339814,0.014754896,0.059983382,1.83E+00
ITGAM,56.90841925,0.520114875,0.20038914,2.59552426,0.009444674,0.050716463,2.02E+00
GPR84,57.22045517,0.519140586,0.207629858,2.50031759,0.012408201,0.055188542,1.91E+00
CTAGE1,74.6577243,0.517795033,0.20215334,2.561397373,0.010425204,0.053091315,1.98E+00
NQO1,129.1750649,0.511249762,0.136075825,3.757094705,0.000171897,0.017726925,3.76E+00
EFNA1,56.28281775,0.510963073,0.184464097,2.769986584,0.00560586,0.042047671,2.25E+00
CP,134.6687269,0.510731751,0.236215805,2.16214047,0.03060735,0.086476247,1.51E+00
MARCO,67.92434277,0.510086964,0.200582332,2.543030374,0.010989568,0.053348046,1.96E+00
CASP8,57.19664389,0.506564957,0.196828648,2.573634291,0.010063658,0.052882281,2.00E+00
NTS,66.80279734,0.506518492,0.221294659,2.288887111,0.022085912,0.073471281,1.66E+00
CD40,61.79588287,0.506280741,0.173770786,2.91349745,0.003574048,0.040999561,2.45E+00
INS,20.44956873,0.504328762,0.228821217,2.204029718,0.027522254,0.082566763,1.56E+00
UGT8,283.9160553,0.502930372,0.21933264,2.293002867,0.02184784,0.073270195,1.66E+00
GORAB,96.76995839,0.500987633,0.14077913,3.558678276,0.000372726,0.020499917,3.43E+00
DSC1,52.72771886,0.497119711,0.167298611,2.971451521,0.002963957,0.040999561,2.53E+00
EGF,49.37556423,0.495169724,0.165472473,2.992459804,0.002767391,0.040054345,2.56E+00
GUSB,115.2017395,0.494115168,0.171390205,2.882983702,0.003939278,0.041098613,2.40E+00
TNFRSF10D,101.3145793,0.491092776,0.178112877,2.757199729,0.005829873,0.042053718,2.23E+00
MAL,178.897268,0.490636643,0.177653147,2.761767245,0.005748945,0.042047671,2.24E+00
CCL5,39.2108581,0.482805203,0.211745016,2.280125459,0.022600249,0.074283686,1.65E+00
IL15RA,44.63972999,0.479756029,0.168068675,2.854523768,0.004310141,0.041856857,2.37E+00
OLIG2,197.3502364,0.47444802,0.18780523,2.526276934,0.011527857,0.053636998,1.94E+00
NTF3,35.90240934,0.47334238,0.222432713,2.128025027,0.033335009,0.090457872,1.48E+00
GABRP,49.46394982,0.473283277,0.220157559,2.149748024,0.031575151,0.087711221,1.50E+00
IL6R,90.98919872,0.47313676,0.158023536,2.994090457,0.002752643,0.040054345,2.56E+00
IL4R,104.6464837,0.472837699,0.168963621,2.798458596,0.005134715,0.042047671,2.29E+00
CXCL10,73.00643831,0.472760066,0.201838186,2.342272666,0.019166707,0.067864948,1.72E+00
JUP,112.4715023,0.471675082,0.148413022,3.178124634,0.00148231,0.036122433,2.83E+00
NOS3,28.76159511,0.471324468,0.211728324,2.226081324,0.026008735,0.079177882,1.58E+00
GABRR1,82.18867085,0.470886763,0.214408747,2.196210602,0.028076873,0.082980724,1.55E+00
CSF2RB,38.04994876,0.467122741,0.20637191,2.26349962,0.023604908,0.07528724,1.63E+00
C6,63.54663601,0.46668232,0.195557885,2.386415255,0.017013528,0.064092058,1.77E+00
MPZ,35.33092597,0.466681893,0.209085211,2.2320177,0.025613793,0.078653261,1.59E+00
TREM1,55.99725977,0.465696291,0.193079835,2.411936446,0.015868047,0.062043313,1.80E+00
CPT1B,54.09769516,0.462876848,0.175270302,2.640931428,0.008267845,0.048609973,2.08E+00
EGR2,25.09561121,0.461810864,0.214822048,2.149736804,0.031576039,0.087711221,1.50E+00
TIE1,48.71552523,0.461190014,0.164999043,2.7951072,0.005188251,0.042047671,2.28E+00
NFKBIB,47.66242043,0.457982701,0.194447304,2.355304968,0.01850751,0.067262975,1.73E+00
GJB1,69.4405886,0.455633699,0.183715105,2.480110159,0.01313418,0.056731405,1.88E+00
HDAC1,113.0093174,0.454992665,0.146539558,3.10491358,0.001903346,0.037135876,2.72E+00
ANG,65.02298769,0.454430802,0.195331353,2.32646114,0.019993963,0.069494777,1.70E+00
PPP1R14A,138.5314086,0.452684483,0.208207222,2.174201639,0.029689995,0.084755177,1.53E+00
PLA2G4D,7.526127027,0.452351753,0.27846258,1.624461547,0.104277341,0.184611172,9.82E-01
SNCAIP,59.70901131,0.449805557,0.159484086,2.820378942,0.004796697,0.041856857,2.32E+00
GPR4,62.1124161,0.448518984,0.197850828,2.266955303,0.023392956,0.07528724,1.63E+00
PLS1,77.58389001,0.448399128,0.176474408,2.540873399,0.011057595,0.053348046,1.96E+00
GAL3ST1,46.0996585,0.447493654,0.159302177,2.809086867,0.004968224,0.042047671,2.30E+00
HTR5A,80.77272242,0.445216066,0.161764344,2.752250924,0.005918715,0.04209431,2.23E+00
HN1L,100.6813347,0.443686663,0.142221701,3.119683286,0.001810456,0.037135876,2.74E+00
CCR2,54.47077179,0.443068726,0.198300908,2.234325251,0.02546168,0.078653261,1.59E+00
SP100,38.3046766,0.441208293,0.25937771,1.701026251,0.088938058,0.166004294,1.05E+00
NPC1,125.9316225,0.439842842,0.145676906,3.019303837,0.002533563,0.039437538,2.60E+00
CXCL11,60.86938134,0.438648522,0.182526853,2.403199943,0.016252299,0.062654889,1.79E+00
TNFRSF1A,118.2090191,0.431058897,0.165893065,2.598414211,0.009365544,0.050716463,2.03E+00
CTSE,62.12033956,0.430535896,0.221844943,1.940706375,0.052293903,0.120509692,1.28E+00
TLR4,119.1329312,0.430433412,0.202348041,2.127193376,0.033404019,0.090457872,1.48E+00
TNFRSF10B,48.52024133,0.430068404,0.191061082,2.250947177,0.024388883,0.076797056,1.61E+00
MSN,238.3162399,0.429188172,0.248980587,1.723781668,0.084747265,0.161169226,1.07E+00
PRKCQ,86.5270989,0.42863394,0.15713314,2.727839209,0.006375067,0.043756699,2.20E+00
PHF19,18.49861204,0.426349039,0.174860352,2.4382259,0.014759547,0.059983382,1.83E+00
SLC11A1,82.6426828,0.425369384,0.2426598,1.752945419,0.079611376,0.155091045,1.10E+00
DBH,44.54942461,0.423329549,0.197551191,2.142885334,0.032122307,0.088631783,1.49E+00
NOS1,31.25491953,0.423282418,0.214092518,1.977100471,0.048030275,0.114523053,1.32E+00
NOS2,43.31582299,0.421881111,0.178358496,2.365354725,0.018012809,0.066073528,1.74E+00
TSPO,42.94606357,0.419215993,0.239225781,1.752386347,0.079707397,0.155091045,1.10E+00
PLEKHO2,127.0314131,0.416368275,0.172363824,2.415636096,0.015707751,0.061925329,1.80E+00
DNAH1,76.59031697,0.413800288,0.186913905,2.213855019,0.026838754,0.081106124,1.57E+00
CD8A,89.94565305,0.411684082,0.151889303,2.71042183,0.006719769,0.044536765,2.17E+00
FAS,95.5187746,0.407470763,0.161220098,2.527419154,0.011490428,0.053636998,1.94E+00
ATP6V0E1,222.9925517,0.406239598,0.169542295,2.396095897,0.016570754,0.062999411,1.78E+00
TNFRSF11B,60.07259295,0.405254443,0.188192341,2.153405615,0.031286815,0.087711221,1.50E+00
MYD88,110.3063115,0.403730551,0.162638555,2.482379107,0.013050834,0.056668097,1.88E+00
ICAM2,86.92917165,0.402975246,0.145887156,2.762239368,0.005740637,0.042047671,2.24E+00
SHH,25.59926361,0.401598277,0.198366064,2.024531154,0.04291553,0.107288825,1.37E+00
PRL,72.53151178,0.398736988,0.20329476,1.96137366,0.04983545,0.116470953,1.30E+00
CSF1,74.60582771,0.398612206,0.170869802,2.33284174,0.019656453,0.068779425,1.71E+00
SP1,84.46432436,0.398504126,0.132845625,2.999753489,0.002701982,0.040054345,2.57E+00
PLA2G2E,28.26113543,0.395071056,0.242726441,1.627639142,0.103601424,0.18460297,9.85E-01
DES,30.52775563,0.394419874,0.238863025,1.651238715,0.098689841,0.178686178,1.01E+00
CNTF,74.68774275,0.388960185,0.166757705,2.332487036,0.019675084,0.068779425,1.71E+00
HLA-G,373.3663498,0.388809622,0.243680836,1.595569136,0.110585023,0.189213527,9.56E-01
P2RX7,97.5258214,0.388357463,0.15262118,2.544584325,0.010940789,0.053348046,1.96E+00
SGPL1,91.51398535,0.386745998,0.142901233,2.706386707,0.006801979,0.044536765,2.17E+00
ATP7A,44.07415752,0.385798613,0.176042275,2.191511172,0.028414822,0.0834243,1.55E+00
CSPG4,73.13819526,0.385076118,0.126308062,3.048705766,0.002298295,0.037921861,2.64E+00
F2,8.593061597,0.382189359,0.30444879,1.255348588,0.209352244,0.306777267,6.79E-01
TP53,58.47321316,0.380848736,0.150708502,2.527055424,0.011502335,0.053636998,1.94E+00
DRD2,31.81943842,0.378139409,0.233883986,1.616781961,0.105925355,0.185932803,9.75E-01
C3,98.1935111,0.377489256,0.441668136,0.854689812,0.392722892,0.503099978,4.06E-01
CCR5,40.34191343,0.373513015,0.194248526,1.922861518,0.054497444,0.123857827,1.26E+00
CALML5,27.91897147,0.373355749,0.222488809,1.678087764,0.093329967,0.171868801,1.03E+00
BCHE,68.48186262,0.370269595,0.159225281,2.325444764,0.02004819,0.069494777,1.70E+00
TGFBR2,121.4219272,0.368480622,0.192975328,1.909470114,0.056201474,0.124632822,1.25E+00
NES,121.7951344,0.367868926,0.118343774,3.108477207,0.001880542,0.037135876,2.73E+00
CR1,44.11963318,0.366062468,0.205730285,1.779331939,0.075185358,0.15128761,1.12E+00
CXCL12,18.78830066,0.364917911,0.263331662,1.385773017,0.165816224,0.255220867,7.80E-01
FA2H,139.8571518,0.364599682,0.148657251,2.452619568,0.014182024,0.058779009,1.85E+00
ADORA2A,37.7759145,0.362353096,0.198136143,1.828808667,0.067428276,0.140674366,1.17E+00
IGF1,34.46452786,0.36216112,0.173093716,2.092283464,0.036413166,0.095558433,1.44E+00
ASB7,92.68846079,0.361507657,0.132632095,2.725642372,0.006417649,0.043756699,2.19E+00
CLN8,69.88143278,0.357534836,0.148991124,2.399705609,0.016408262,0.062961936,1.78E+00
PMP22,223.5275599,0.35695863,0.1917501,1.861582498,0.062661962,0.135685351,1.20E+00
LIF,32.18011675,0.355418563,0.185338089,1.917676854,0.055151998,0.124367741,1.26E+00
CTNS,25.01797301,0.354284423,0.191349395,1.851505318,0.06409689,0.136578063,1.19E+00
MTHFR,82.72643561,0.351055089,0.157613271,2.227319355,0.025925938,0.079177882,1.59E+00
ANGPT2,103.3338784,0.350956462,0.195448856,1.795643467,0.072551238,0.147063321,1.14E+00
POLR2J,61.31687565,0.349234726,0.182528376,1.913317445,0.055707426,0.124367741,1.25E+00
CSF1R,49.91100493,0.348234628,0.210043789,1.657914426,0.09733474,0.178051354,1.01E+00
TNFRSF10A,18.90716836,0.347443224,0.210460432,1.650871952,0.098764724,0.178686178,1.01E+00
CXXC1,62.31962031,0.345977346,0.139703834,2.476505738,0.013267549,0.057009001,1.88E+00
SLC6A4,35.07994704,0.343678039,0.217476207,1.580301789,0.11403777,0.193185135,9.43E-01
CASP7,89.3872543,0.343449735,0.158308916,2.169490787,0.030045443,0.085474105,1.52E+00
ITPR3,60.96569496,0.342334898,0.178563345,1.917162208,0.055217328,0.124367741,1.26E+00
TNC,26.31942196,0.340999982,0.209223457,1.629836286,0.103136102,0.184571116,9.87E-01
CDK2,23.90884666,0.340807637,0.187111819,1.821411596,0.068544314,0.141687819,1.16E+00
SLC18A2,54.27217777,0.339743805,0.188485946,1.802488796,0.071468536,0.145478634,1.15E+00
EMCN,53.68265599,0.338569029,0.144354423,2.345401142,0.019006618,0.067824587,1.72E+00
NOSTRIN,81.27872925,0.337313178,0.169844821,1.986008021,0.047032433,0.113455431,1.33E+00
IL1R1,51.79470477,0.332804314,0.140677193,2.365730408,0.017994542,0.066073528,1.74E+00
SLC2A1,93.7887028,0.33181255,0.144472997,2.296709813,0.021635329,0.07315224,1.66E+00
OSMR,113.8701436,0.33181189,0.178639723,1.857436211,0.063249119,0.136100638,1.20E+00
S100A9,400.0498964,0.331698701,0.428272687,0.774503515,0.43863309,0.546819457,3.58E-01
IL6,38.83555239,0.331290782,0.235111679,1.409078374,0.158811995,0.2467418,7.99E-01
NFE2L2,192.2946082,0.331175936,0.139835049,2.368332819,0.017868454,0.066073528,1.75E+00
GSN,410.4885993,0.327895798,0.203487602,1.611379739,0.107096981,0.186402972,9.70E-01
IL1B,57.9182777,0.326757938,0.201547755,1.621243251,0.10496548,0.185431523,9.79E-01
PLLP,204.2912691,0.325541776,0.212538169,1.531686177,0.125599895,0.206826175,9.01E-01
SOX9,260.881298,0.322491235,0.162674894,1.982427813,0.047431379,0.113752581,1.32E+00
IDH1,120.770647,0.321535439,0.161885944,1.986185037,0.047012782,0.113455431,1.33E+00
DSP,66.01377094,0.319106851,0.19758022,1.615074884,0.106294479,0.186184597,9.73E-01
SF3B4,107.3898388,0.31779334,0.129663272,2.450912549,0.014249457,0.058779009,1.85E+00
MYC,76.83725181,0.317577201,0.128698819,2.467599959,0.013602224,0.05754787,1.87E+00
ADRB2,31.47967449,0.317026185,0.173526616,1.82695999,0.067705785,0.14069842,1.17E+00
PLA2G4A,58.75104836,0.314542302,0.124570971,2.525004816,0.01156967,0.053636998,1.94E+00
TAF4,84.2101565,0.313084062,0.146465789,2.137591751,0.032549892,0.089512202,1.49E+00
NLRP3,46.63597048,0.312838918,0.143711348,2.176856051,0.029491309,0.084755177,1.53E+00
CERS2,214.9306913,0.312714035,0.162462044,1.924843657,0.05424892,0.123825139,1.27E+00
RYR1,68.35411911,0.31205991,0.181179455,1.722380228,0.085000663,0.161169226,1.07E+00
CD9,238.3767456,0.310497138,0.262037359,1.184934616,0.2360433,0.339852918,6.27E-01
SMPD4,51.334727,0.30738282,0.168853946,1.820406493,0.068697124,0.141687819,1.16E+00
DLL4,67.50074288,0.305183812,0.207448683,1.471129184,0.141256184,0.221974003,8.50E-01
CRTC2,52.76182442,0.305080208,0.122495799,2.490536082,0.012755054,0.055972978,1.89E+00
FAM126A,93.99181691,0.302834337,0.143886331,2.104677594,0.035319382,0.094299321,1.45E+00
ADRA2A,64.64748582,0.302798891,0.138947615,2.179230579,0.029314543,0.084755177,1.53E+00
APAF1,76.99101413,0.302648212,0.12795851,2.365205823,0.018020053,0.066073528,1.74E+00
DOT1L,35.99988418,0.301090489,0.203692969,1.478158483,0.139365364,0.220403323,8.56E-01
SLC18A3,29.83647376,0.300966629,0.237989948,1.264619078,0.206007911,0.302597223,6.86E-01
PLA2G16,588.4953474,0.300261024,0.157007456,1.912399772,0.055824937,0.124367741,1.25E+00
EPHA3,83.3025824,0.300064346,0.139435931,2.151987257,0.031398358,0.087711221,1.50E+00
DDX23,184.6374784,0.298787925,0.108210151,2.761182026,0.005759257,0.042047671,2.24E+00
CDKN1A,92.18026981,0.296889983,0.179685706,1.652273793,0.098478749,0.178686178,1.01E+00
LAMA2,68.72422604,0.295018096,0.138911149,2.123789902,0.033687716,0.090824724,1.47E+00
IL13RA1,134.2687997,0.293599885,0.235719258,1.245548996,0.212930017,0.310915512,6.72E-01
LMNA,160.6324313,0.293158211,0.198960284,1.473450906,0.140629492,0.221834285,8.52E-01
GRM8,88.12324328,0.287983755,0.147027266,1.958709862,0.050146775,0.116575855,1.30E+00
SIRT1,145.3433783,0.284325875,0.110986348,2.561809446,0.010412843,0.053091315,1.98E+00
PNKD,76.95415172,0.283802913,0.154650741,1.835121586,0.066487676,0.139573366,1.18E+00
CASP3,100.6982065,0.282623926,0.120472019,2.345971523,0.018977557,0.067824587,1.72E+00
NAGLU,39.78595852,0.281610853,0.142649778,1.974141538,0.048365651,0.114659949,1.32E+00
RIT2,77.88927021,0.281324135,0.174402435,1.613074581,0.106728305,0.186402972,9.72E-01
STAT1,309.6460368,0.280596158,0.166797871,1.682252636,0.092519861,0.171140999,1.03E+00
PPP3CC,80.96621666,0.277784105,0.109255063,2.542528439,0.011005364,0.053348046,1.96E+00
NOL3,88.18261301,0.276579456,0.106120688,2.606272731,0.009153355,0.05034345,2.04E+00
CASP9,57.1982224,0.275724816,0.121499308,2.26935298,0.023246869,0.07528724,1.63E+00
PLA2G4F,67.45972061,0.275475999,0.172166274,1.600057858,0.109585749,0.188743722,9.60E-01
CERS1,20.12777384,0.274059739,0.223319222,1.227210703,0.219743408,0.319169562,6.58E-01
PTGS2,69.98750652,0.273449688,0.159589958,1.713451725,0.086629467,0.162800252,1.06E+00
MAPKAPK2,57.29809224,0.271592631,0.176821906,1.535967104,0.124546449,0.205540039,9.05E-01
COMT,185.2479284,0.270524265,0.121144706,2.233067159,0.025544516,0.078653261,1.59E+00
DNM2,95.19828744,0.270499734,0.151762138,1.782392747,0.074685207,0.150678854,1.13E+00
STX2,130.2289495,0.270010499,0.083649386,3.227883824,0.001247096,0.036122433,2.90E+00
YBX1,740.0498108,0.269509352,0.177873391,1.51517521,0.129728039,0.20994448,8.87E-01
RYR3,94.93664428,0.267650768,0.123617372,2.165154979,0.030375819,0.086117012,1.52E+00
HIF1A,316.983641,0.266240486,0.15134765,1.759131952,0.078555099,0.154928473,1.10E+00
KCNJ10,100.2158292,0.265214281,0.142838949,1.856736437,0.063348661,0.136100638,1.20E+00
MMRN2,84.29912827,0.264798507,0.172006842,1.539464969,0.123690824,0.204909497,9.08E-01
PRKN,76.98861376,0.261128079,0.118964622,2.195006175,0.028163155,0.082980724,1.55E+00
CLDN15,32.38300062,0.259224338,0.220828099,1.173873885,0.240445544,0.342832395,6.19E-01
EPHA2,9.677253544,0.255722573,0.303383808,0.842901191,0.399283707,0.508347313,3.99E-01
PLXNB3,69.1277018,0.255509325,0.169184042,1.510244827,0.130980964,0.211053311,8.83E-01
FXN,188.3335839,0.255172716,0.138496948,1.84244288,0.065410394,0.138259584,1.18E+00
ALDH1L1,130.2578392,0.251775506,0.135510189,1.857982109,0.063171555,0.136100638,1.20E+00
LPAR1,132.1412613,0.249930637,0.197687603,1.264270662,0.206132896,0.302597223,6.86E-01
CHRNA7,73.5853433,0.249192937,0.135309758,1.841647943,0.065526663,0.138259584,1.18E+00
HAP1,48.53622796,0.249015404,0.141807845,1.756005837,0.079087412,0.154928473,1.10E+00
IKBKB,64.40578025,0.248124019,0.137100473,1.809796955,0.07032728,0.144328374,1.15E+00
JAM3,218.6725299,0.24782068,0.158838926,1.560201185,0.118712346,0.199465754,9.26E-01
NRG1,107.5272368,0.243437146,0.10594787,2.297706834,0.02157848,0.07315224,1.67E+00
AVP,30.91073474,0.242892563,0.252133131,0.963350443,0.335371687,0.441278535,4.74E-01
GATA2,30.42954715,0.242538644,0.16473457,1.472299612,0.140939988,0.22189979,8.51E-01
RDX,259.4672568,0.2406154,0.120587673,1.995356525,0.046004009,0.111956659,1.34E+00
CYBB,104.8714952,0.239710773,0.311984502,0.768341926,0.442284072,0.550353484,3.54E-01
CD34,36.42337019,0.239261918,0.185683409,1.288547639,0.197555397,0.293135256,7.04E-01
SERPINH1,137.9908887,0.234519545,0.253669043,0.924509913,0.355220893,0.464433021,4.50E-01
NFKBIA,268.8011474,0.233615097,0.215429072,1.084417692,0.278179643,0.379335877,5.56E-01
HGF,120.2820896,0.231722589,0.110587218,2.095383116,0.036136949,0.095554433,1.44E+00
ENTPD2,41.23716155,0.231317757,0.166892641,1.386027303,0.165738567,0.255220867,7.81E-01
KATNA1,73.33460833,0.22973702,0.144376028,1.591240748,0.111555406,0.189368744,9.53E-01
ERG,29.72658107,0.2269876,0.151673284,1.496556244,0.134508763,0.214937716,8.71E-01
NEO1,201.3391851,0.225605832,0.07877774,2.863827166,0.004185563,0.041856857,2.38E+00
KIAA1161,108.773564,0.225484993,0.13197365,1.708560714,0.087532351,0.163750997,1.06E+00
P2RY12,138.6998813,0.225472207,0.173675285,1.298240028,0.194204867,0.29025184,7.12E-01
PPP1R1B,343.1753651,0.223764363,0.158085616,1.415463147,0.156932746,0.244743886,8.04E-01
ABL1,102.2232171,0.223759754,0.120720038,1.853542777,0.063804601,0.136369937,1.20E+00
ITPR2,139.6085775,0.223564119,0.117472403,1.903120331,0.057024846,0.125522564,1.24E+00
ICAM1,79.59572666,0.222524036,0.228421826,0.97418027,0.329967039,0.436954747,4.82E-01
NOTCH1,71.27669519,0.220003075,0.135885289,1.619035269,0.105439675,0.185474908,9.77E-01
ACVRL1,74.16168491,0.219569885,0.141695924,1.549585042,0.121241145,0.202744516,9.16E-01
ITGA5,27.63710758,0.218415828,0.264525554,0.825688954,0.40898056,0.518293337,3.88E-01
COL4A1,49.72624022,0.216667889,0.246894537,0.877572634,0.380175686,0.490837153,4.20E-01
TRADD,24.24575788,0.21626038,0.195039267,1.108804307,0.267514612,0.370923622,5.73E-01
FAM104A,74.80256948,0.215518269,0.110038477,1.958571894,0.050162944,0.116575855,1.30E+00
BAX,170.264016,0.215144654,0.124917846,1.72228917,0.085017149,0.161169226,1.07E+00
FOS,222.7530642,0.214266432,0.331804518,0.645761044,0.51843412,0.618556754,2.85E-01
MMP12,10.36572926,0.2127472,0.309572592,0.687228798,0.49193856,0.594215683,3.08E-01
CACNA1F,43.80475083,0.212650267,0.239513939,0.887840882,0.374626349,0.485191111,4.26E-01
HTRA2,75.72914001,0.212304705,0.130602838,1.625574979,0.104040102,0.184611172,9.83E-01
USP21,70.29556536,0.21147281,0.116036409,1.822469451,0.068383785,0.141687819,1.17E+00
CCDC127,147.1183606,0.207437214,0.119265668,1.739286901,0.08198431,0.158313389,1.09E+00
CCL2,61.43915117,0.20742356,0.328624382,0.631187372,0.527918018,0.626665273,2.77E-01
TBP,87.84763209,0.203840765,0.10534595,1.934965369,0.052994545,0.121784123,1.28E+00
EMP2,83.55192025,0.203464591,0.129068216,1.576411276,0.114931051,0.194299421,9.40E-01
TADA2B,157.2846383,0.200722361,0.079496643,2.524916184,0.011572589,0.053636998,1.94E+00
CREB1,148.4502401,0.199633575,0.113378885,1.760765031,0.078278181,0.154928473,1.11E+00
CDK7,105.821258,0.199576576,0.124584011,1.601943728,0.109168054,0.188417666,9.62E-01
PTPRR,123.0528038,0.198220075,0.130826376,1.515138476,0.12973734,0.20994448,8.87E-01
PRPF3,50.32846183,0.197692703,0.117616858,1.680819448,0.09279799,0.171271458,1.03E+00
SIRT7,73.35441816,0.197498363,0.111382245,1.7731584,0.076202463,0.152220417,1.12E+00
RAB1A,212.9496356,0.197019956,0.122499511,1.608332586,0.107762358,0.1871662,9.68E-01
PLCB2,19.66547051,0.196289105,0.370391081,0.529950949,0.59614594,0.690834812,2.25E-01
SCAMP2,70.48668947,0.195695666,0.241203643,0.811329645,0.41717639,0.52625462,3.80E-01
GRM2,81.60278345,0.195513793,0.130288757,1.500619065,0.133454117,0.214201648,8.75E-01
BCL2,114.1794374,0.195080072,0.120086193,1.624500419,0.104269051,0.184611172,9.82E-01
BCL2L1,281.466822,0.194289337,0.096882767,2.00540658,0.044919599,0.110622893,1.35E+00
INSR,164.5486494,0.191898933,0.076708659,2.501659355,0.01236128,0.055188542,1.91E+00
CACNA1S,40.7697329,0.191702508,0.215289662,0.890439912,0.37322972,0.484142325,4.28E-01
ING4,93.91600197,0.189856403,0.102369684,1.854615509,0.063651152,0.136369937,1.20E+00
NELFA,81.18295822,0.189295735,0.115158634,1.643782389,0.10022116,0.180529383,9.99E-01
NMB,80.75230271,0.189246492,0.169788788,1.114599463,0.265022101,0.36870697,5.77E-01
CERS4,129.7405308,0.186794239,0.105764679,1.766130624,0.077373937,0.154187193,1.11E+00
LOX,7.076001983,0.186752234,0.287684102,0.649157296,0.516236711,0.618556754,2.87E-01
LYPLA1,183.6771313,0.184848825,0.124464041,1.485158469,0.137501851,0.218572306,8.62E-01
GGT1,20.17898281,0.184824369,0.197572353,0.935476882,0.349542592,0.457734347,4.56E-01
GGA1,77.5947075,0.184201132,0.099836439,1.845029069,0.06503331,0.137924115,1.19E+00
KEAP1,83.57252721,0.182929682,0.135411375,1.350918133,0.176721659,0.268995145,7.53E-01
DRD1,92.79042662,0.182248952,0.110022153,1.656475055,0.097625653,0.178188415,1.01E+00
AIF1,157.3304333,0.181561277,0.283460164,0.640517788,0.521836029,0.620338219,2.82E-01
GNAI3,113.1195189,0.179772663,0.117049231,1.535872228,0.124569721,0.205540039,9.05E-01
BDNF,57.65368056,0.177776618,0.161024676,1.104033385,0.269578656,0.372943386,5.69E-01
NOTCH3,74.87811423,0.176690002,0.237324126,0.744509231,0.456568459,0.562192505,3.40E-01
INHBB,60.77406357,0.176541089,0.1268502,1.391728906,0.164004506,0.253377747,7.85E-01
CNOT10,92.72202543,0.176386507,0.135646415,1.300340354,0.193484343,0.289699788,7.13E-01
PCNA,57.53333502,0.175816922,0.15737026,1.117218223,0.263901031,0.367767484,5.79E-01
GRM1,137.0674323,0.175771125,0.125305371,1.402742151,0.160693743,0.249196124,7.94E-01
HEXB,122.9922896,0.174097364,0.270345445,0.643981126,0.519587673,0.618556754,2.84E-01
EHMT1,134.801414,0.173373334,0.117316721,1.477822877,0.139455193,0.220403323,8.56E-01
SNRPA,124.8132721,0.171052621,0.092432965,1.850558625,0.064233077,0.136578063,1.19E+00
FLT4,10.54769395,0.167935305,0.210752235,0.796837599,0.425545356,0.532738875,3.71E-01
POLR2H,84.72904255,0.167822918,0.094475018,1.776373493,0.075671377,0.151526423,1.12E+00
CD33,7.344561805,0.167587404,0.327103731,0.512337182,0.608415047,0.699084142,2.16E-01
G3BP1,135.4623995,0.164651856,0.127699296,1.289371678,0.197268903,0.293135256,7.05E-01
PLG,26.14648803,0.164604566,0.248354191,0.662781511,0.507470497,0.610296151,2.95E-01
DDC,8.896017794,0.163550791,0.315477018,0.51842379,0.60416262,0.698044243,2.19E-01
ATXN7,136.921782,0.157487479,0.098884797,1.592635908,0.111241893,0.189309036,9.54E-01
PHF21A,127.900336,0.154682479,0.134987299,1.145903949,0.251834897,0.353339779,5.99E-01
LTBR,39.15118099,0.153003504,0.287748654,0.531726218,0.594915631,0.690834812,2.26E-01
ATG5,137.3086122,0.15209502,0.080674307,1.885296881,0.059389767,0.129620523,1.23E+00
PLCB4,96.30343391,0.145319412,0.154449006,0.940889271,0.346761606,0.455538735,4.60E-01
RHOA,328.0769665,0.140530292,0.130035019,1.080711127,0.279825632,0.380588992,5.53E-01
PLXNC1,117.3884678,0.140205351,0.10934313,1.282251123,0.199754568,0.295336054,7.00E-01
PSEN1,167.7890911,0.139827987,0.117742762,1.18757183,0.235002142,0.338945397,6.29E-01
GAA,131.9693153,0.138014436,0.18440786,0.748419491,0.45420717,0.560959453,3.43E-01
GDPD2,62.75150404,0.137584253,0.15848055,0.868145985,0.38531442,0.495919495,4.14E-01
GSS,91.09582114,0.131576504,0.092025174,1.429788163,0.152777827,0.239623018,8.16E-01
ADCY8,98.48106931,0.129302375,0.119694315,1.080271641,0.280021234,0.380588992,5.53E-01
PLCB3,24.50216001,0.129118326,0.159754729,0.808228505,0.418959051,0.526892099,3.78E-01
RELA,40.6844613,0.128850454,0.173775486,0.741476582,0.458404526,0.563612122,3.39E-01
IL10,7.375151452,0.127971385,0.28234106,0.45325106,0.650367969,0.728589905,1.87E-01
AKT1S1,117.4735074,0.127816958,0.084387122,1.51465004,0.129861053,0.20994448,8.87E-01
MTO1,94.99490646,0.127359118,0.09665169,1.317712268,0.187599986,0.281486787,7.27E-01
ARSA,69.96210809,0.124901655,0.129578912,0.963904182,0.335093967,0.441278535,4.75E-01
ARG1,15.83776818,0.12313302,0.226109717,0.544571996,0.586047919,0.682894821,2.32E-01
DLX2,36.4365616,0.121944806,0.148260344,0.822504539,0.410789804,0.519787713,3.86E-01
SERPINB6,174.3954378,0.121577708,0.139162342,0.873639418,0.382314653,0.492827482,4.18E-01
PFN1,1149.65734,0.121357875,0.149846761,0.809879865,0.418009225,0.526500169,3.79E-01
DRD4,15.57392856,0.120076173,0.253854783,0.47301127,0.636205139,0.721965942,1.96E-01
TWISTNB,124.4331525,0.118891386,0.101004019,1.177095595,0.239157353,0.341991951,6.21E-01
NOTCH4,107.6484983,0.117971546,0.119443969,0.987672689,0.323312974,0.430214844,4.90E-01
CNTN4,90.63312842,0.117800637,0.113817216,1.034998407,0.300669655,0.406643386,5.22E-01
ARRB2,83.44602527,0.113684547,0.15167742,0.749515301,0.45354668,0.560959453,3.43E-01
NDUSFAF4,87.87464164,0.112143729,0.114757738,0.977221499,0.328459507,0.435657706,4.84E-01
CREBBP,272.9465959,0.111030912,0.109399326,1.014914047,0.310146802,0.416676659,5.08E-01
LSM2,94.2112669,0.110153726,0.111841614,0.984908229,0.324669151,0.431323751,4.89E-01
SRSF4,244.1644166,0.107328153,0.091834831,1.168708558,0.242521073,0.343135081,6.15E-01
C5,13.28581885,0.105511003,0.227510397,0.463763436,0.642817242,0.726471541,1.92E-01
PDGFRB,137.8656951,0.100761196,0.130139883,0.774253006,0.438781188,0.546819457,3.58E-01
BID,98.1424432,0.100253794,0.141023556,0.710901052,0.477145554,0.584043149,3.21E-01
FLT1,238.3358683,0.099822631,0.169903767,0.587524532,0.55685148,0.655353025,2.54E-01
MTA2,139.793227,0.099504886,0.090770829,1.096220958,0.27298209,0.376605726,5.64E-01
WFS1,145.1123359,0.097994086,0.107391195,0.91249647,0.361507427,0.471904473,4.42E-01
PPARGC1A,203.7197102,0.097388995,0.141534629,0.688093056,0.491394183,0.594215683,3.09E-01
CDK5RAP3,125.8782351,0.096415354,0.090445179,1.066008778,0.286419674,0.388006947,5.43E-01
HDAC7,38.34564528,0.094867782,0.165887148,0.571881445,0.567402296,0.66562428,2.46E-01
DYNC1I2,384.7433604,0.094069486,0.127759994,0.736298453,0.461549087,0.565791972,3.36E-01
CSNK2A2,108.3186902,0.092475337,0.107877505,0.857225397,0.391320329,0.502699424,4.07E-01
CHD4,183.1505692,0.091282799,0.089367097,1.021436318,0.307047766,0.414589864,5.13E-01
TRPV1,41.77534577,0.090393972,0.140286383,0.644353146,0.51934646,0.618556754,2.85E-01
PSMB8,72.75818556,0.089763693,0.25124322,0.357278071,0.720883645,0.788765261,1.42E-01
SKA2,192.7327387,0.087551346,0.096433953,0.907889216,0.363936756,0.474325156,4.39E-01
KEL,7.782111887,0.086985838,0.281422167,0.309093768,0.7572502,0.817850615,1.21E-01
S100B,736.2233915,0.086681875,0.18102935,0.478827743,0.632061179,0.720235459,1.99E-01
PRPF31,81.09084008,0.085885071,0.09547956,0.899512641,0.368379666,0.479358398,4.34E-01
LAMP1,289.7602131,0.082231294,0.173202608,0.474769374,0.634951365,0.721535642,1.97E-01
CLN3,11.1682151,0.079695442,0.251715078,0.316609725,0.751539756,0.814744151,1.24E-01
HMGB1,143.4504877,0.079220053,0.122882373,0.644681994,0.519133287,0.618556754,2.85E-01
SPAST,175.8812893,0.079014622,0.084085551,0.939693217,0.347374946,0.455618967,4.59E-01
AKT1,160.6166492,0.078021745,0.077020472,1.01300009,0.311060118,0.416676659,5.07E-01
SERPINB12,9.163949292,0.077015927,0.246002757,0.313069365,0.754227963,0.816585393,1.22E-01
TH,8.467686924,0.076333524,0.25733776,0.296627761,0.766750714,0.824731863,1.15E-01
VIP,81.82359805,0.072857913,0.144300733,0.504903275,0.613626774,0.703114012,2.12E-01
C9orf72,119.2845369,0.072451153,0.098011616,0.739209865,0.459779571,0.564461527,3.37E-01
RET,39.23388775,0.072125224,0.139753888,0.516087423,0.605793352,0.698044243,2.18E-01
ADCY5,218.9133893,0.071500147,0.093882947,0.761588229,0.446305802,0.553687649,3.50E-01
AGT,633.4837232,0.070104964,0.148944837,0.470677367,0.637871149,0.722862223,1.95E-01
MBP,5019.757079,0.068918523,0.28947119,0.23808422,0.811815773,0.859753547,9.05E-02
LRP1,207.1429874,0.06834391,0.157438475,0.434099163,0.664216433,0.738515576,1.78E-01
GTF2H1,202.7539608,0.067838619,0.0843777,0.803987536,0.421404173,0.528785849,3.75E-01
GRIN2D,31.44531928,0.066249488,0.159290047,0.415904758,0.677479698,0.749223527,1.69E-01
CD14,102.2212497,0.065160936,0.325994608,0.199883477,0.841571713,0.882206688,7.49E-02
GNAI2,506.656936,0.063553737,0.156291899,0.406634873,0.68427618,0.755726705,1.65E-01
CHMP2B,176.0490461,0.061335636,0.134591732,0.455716229,0.64859405,0.728589905,1.88E-01
EP300,196.53597,0.061038143,0.086140587,0.708587502,0.478580494,0.584931715,3.20E-01
SUPT7L,126.7440032,0.059623807,0.085715846,0.695598415,0.486680359,0.591327388,3.13E-01
PLXNA4,139.6326558,0.05893595,0.106713598,0.552281535,0.580755479,0.677684965,2.36E-01
EGR1,67.97103275,0.058770963,0.179316069,0.327750675,0.743100185,0.807717592,1.29E-01
DLX1,168.6933782,0.058394026,0.117270254,0.497944057,0.618523473,0.707741838,2.09E-01
CLDN5,138.3041817,0.058307232,0.164984673,0.35340999,0.723781097,0.79088663,1.40E-01
CAST,168.8323457,0.058244475,0.109924983,0.529856574,0.596211377,0.690834812,2.25E-01
RAPGEF2,202.1193816,0.057809275,0.069042927,0.837294678,0.40242695,0.510772667,3.95E-01
RRAS,23.52798681,0.055810849,0.214612571,0.260053959,0.794822152,0.849388958,9.97E-02
AMIGO1,118.9106015,0.055308698,0.097395917,0.567874913,0.570119908,0.667161594,2.44E-01
LCLAT1,167.2100727,0.053283718,0.07732053,0.689127683,0.490742921,0.594215683,3.09E-01
BCAS1,346.8457736,0.053212678,0.248745392,0.213924276,0.830606109,0.876278823,8.06E-02
EGFL7,115.9093954,0.052837824,0.115092824,0.459088783,0.646170411,0.727272291,1.90E-01
HTR1A,28.18536644,0.052771787,0.209704776,0.251647997,0.801313156,0.851953331,9.62E-02
STAT3,264.0416632,0.047327043,0.174203054,0.271677459,0.785870035,0.842003609,1.05E-01
TAZ,58.93648625,0.046955798,0.15199783,0.308924136,0.757379236,0.817850615,1.21E-01
LRRK2,63.68208872,0.045875062,0.115979262,0.395545389,0.692440431,0.761684474,1.60E-01
TCERG1,128.5710707,0.045746203,0.092934121,0.492243354,0.622547319,0.711359471,2.06E-01
NTNG1,130.0381076,0.045353998,0.122669726,0.369724456,0.711587808,0.780664816,1.48E-01
ADAM10,132.6627963,0.045146583,0.097644498,0.462356649,0.643825582,0.726615739,1.91E-01
XIAP,225.3979173,0.044483719,0.101374591,0.43880541,0.66080254,0.73571133,1.80E-01
SIRT2,326.732823,0.041864606,0.170995705,0.244828408,0.806589296,0.855316413,9.33E-02
PPT1,353.6560242,0.037889146,0.185581269,0.204164708,0.838224789,0.879816096,7.66E-02
SORCS3,91.00050545,0.034699309,0.10531529,0.329480254,0.741792717,0.807360147,1.30E-01
DDIT3,195.9878295,0.034498318,0.245766385,0.140370366,0.88836737,0.915075414,5.14E-02
MMP24,47.15842903,0.034014914,0.162657543,0.209119805,0.834354714,0.879109373,7.86E-02
ARHGEF10,33.76948428,0.032874102,0.191307221,0.171839318,0.863563854,0.899545681,6.37E-02
ACTB,3680.248251,0.030760526,0.158389166,0.194208523,0.84601261,0.884800531,7.26E-02
PRKCSH,276.6746975,0.029295643,0.090949489,0.322108936,0.747370169,0.811289986,1.26E-01
PARP1,227.0436767,0.029171087,0.097978505,0.297729452,0.765909663,0.824731863,1.16E-01
AP4S1,131.5384078,0.027215124,0.096733123,0.281342354,0.778447828,0.835135836,1.09E-01
SF3A2,59.28261556,0.026240441,0.112331322,0.233598614,0.815296604,0.862332947,8.87E-02
SQSTM1,697.2307776,0.022579845,0.157098152,0.143730815,0.885713037,0.914534738,5.27E-02
ATM,56.16145184,0.021730864,0.212685755,0.102173574,0.918618903,0.935630364,3.69E-02
ZNF24,160.4245591,0.021023528,0.083560282,0.251597143,0.801352467,0.851953331,9.62E-02
PIK3CB,127.7358342,0.020399307,0.093899102,0.21724709,0.828015788,0.874664565,8.20E-02
HDAC6,72.16855423,0.016409622,0.130191649,0.126042047,0.899698641,0.920907418,4.59E-02
ITGA7,78.72563669,0.013286915,0.111298143,0.119381279,0.904973292,0.924013572,4.34E-02
CALB1,127.3518882,0.010031613,0.139000015,0.072169872,0.942466721,0.952861575,2.57E-02
JUN,97.66367436,0.007038368,0.114818414,0.061299989,0.951120299,0.960433595,2.18E-02
ATXN3,210.2853221,0.004478985,0.082460203,0.05431693,0.956682661,0.964869432,1.92E-02
NR4A2,27.36912441,0.003808733,0.227898435,0.016712414,0.986666044,0.991473186,5.83E-03
PHF2,103.0727482,0.001446829,0.116734074,0.012394228,0.99011109,0.993724634,4.32E-03
NWD1,15.69130642,0.000413373,0.280646643,0.00147293,0.998824772,0.998982929,5.11E-04
TAF6L,23.82900737,-0.00023236,0.182284492,-0.001274709,0.998982929,0.998982929,-4.42E-04
PKN1,77.93893978,-0.000779599,0.148946785,-0.005234076,0.995823831,0.998243816,-1.82E-03
PTDSS2,80.91125005,-0.004917455,0.102455235,-0.047996134,0.961719324,0.967583466,-1.70E-02
CDS1,118.2291138,-0.006599334,0.12692213,-0.051995144,0.958532563,0.965554779,-1.84E-02
TTBK1,65.03985314,-0.008001551,0.109839708,-0.072847523,0.941927453,0.952861575,-2.60E-02
SLC25A5,135.8629263,-0.010262542,0.118476858,-0.086620645,0.930973055,0.944714355,-3.11E-02
PIK3CA,159.2380496,-0.011151303,0.080836456,-0.137948939,0.890280772,0.915812515,-5.05E-02
EGFR,45.94445057,-0.01127969,0.154029997,-0.073230475,0.941622716,0.952861575,-2.61E-02
GSR,176.3600102,-0.012599218,0.089827973,-0.140259404,0.888455038,0.915075414,-5.14E-02
PSEN2,76.69462342,-0.012755803,0.105028354,-0.121451044,0.903333789,0.923482498,-4.42E-02
MGMT,77.10858096,-0.012956712,0.119411816,-0.108504442,0.913595557,0.931664196,-3.92E-02
BACE1,284.5008716,-0.013281912,0.148599315,-0.089380711,0.928779353,0.943648973,-3.21E-02
ADCY9,123.5038816,-0.013773537,0.08661939,-0.159012164,0.873659291,0.904872089,-5.87E-02
MMP16,222.9253125,-0.017695777,0.181477291,-0.097509595,0.922321715,0.938243422,-3.51E-02
EPHA6,93.7190509,-0.018758299,0.116762619,-0.160653292,0.872366479,0.904872089,-5.93E-02
TENM2,174.5285219,-0.024483186,0.126214593,-0.193980624,0.846191053,0.884800531,-7.25E-02
ESAM,77.07759827,-0.02456162,0.159249395,-0.154233681,0.877425487,0.907112815,-5.68E-02
ACAA1,182.3833645,-0.024690194,0.133712854,-0.184650865,0.853502887,0.891316306,-6.88E-02
EPHA7,82.038964,-0.027277326,0.110869744,-0.246030386,0.80565871,0.855316413,-9.38E-02
TNR,321.4669008,-0.02802877,0.111056695,-0.252382536,0.800745398,0.851953331,-9.65E-02
CX3CR1,91.46767971,-0.028367917,0.214021151,-0.132547258,0.894551447,0.916809625,-4.84E-02
ATXN2,232.5758198,-0.029349537,0.07023126,-0.417898479,0.676021345,0.748614241,-1.70E-01
CUL2,242.2100345,-0.030595048,0.071013001,-0.430837273,0.666586695,0.740153464,-1.76E-01
EFNB3,204.4573092,-0.032049822,0.113011095,-0.283598898,0.776717782,0.834364805,-1.10E-01
TAF9,170.8646976,-0.035333149,0.093176675,-0.379205943,0.704534938,0.77395649,-1.52E-01
SLC1A1,183.0741465,-0.038676261,0.12600708,-0.306937207,0.758891168,0.818412044,-1.20E-01
LAMB2,51.84907882,-0.042342616,0.204879381,-0.206670949,0.836266847,0.879313086,-7.77E-02
GRIN3B,4.838848009,-0.042399406,0.319980599,-0.132506177,0.894583937,0.916809625,-4.84E-02
PECAM1,161.8203074,-0.04307418,0.269912627,-0.159585644,0.873207488,0.904872089,-5.89E-02
EFNA5,126.3482061,-0.043774411,0.120299347,-0.363879043,0.715948334,0.784405546,-1.45E-01
SEC23A,156.074324,-0.043777165,0.098726275,-0.44341959,0.657462269,0.732981584,-1.82E-01
GNPTAB,212.6158237,-0.044732573,0.088230349,-0.50699758,0.612156517,0.702404904,-2.13E-01
BRMS1L,112.2172241,-0.045235922,0.112191877,-0.403201401,0.686800069,0.757500076,-1.63E-01
DGKE,221.8413804,-0.045349508,0.087877715,-0.516052429,0.605817792,0.698044243,-2.18E-01
UBE3A,192.8732469,-0.046003075,0.078791789,-0.583856209,0.559317057,0.657317054,-2.52E-01
GFPT1,73.55374797,-0.046245739,0.089863227,-0.514623618,0.606816058,0.698219314,-2.17E-01
XBP1,93.91976263,-0.046711776,0.22659962,-0.206142343,0.836679724,0.879313086,-7.74E-02
USP30,46.18095817,-0.052461606,0.15052781,-0.348517697,0.727451426,0.792797129,-1.38E-01
RAF1,95.0361185,-0.053015071,0.115060173,-0.46075953,0.64497114,0.726914195,-1.90E-01
APC,340.3419093,-0.055513101,0.097220778,-0.571000379,0.567999386,0.66562428,-2.46E-01
MYCT1,15.93777096,-0.055667937,0.217084291,-0.256434663,0.797615225,0.851271101,-9.82E-02
GNGT1,3.35361259,-0.055985061,0.353496741,-0.158375042,0.874161279,0.904872089,-5.84E-02
CACNA1C,129.7288175,-0.058120345,0.128576758,-0.452028394,0.651248527,0.728589905,-1.86E-01
HSPB1,246.0211558,-0.058246947,0.428056838,-0.136072927,0.891763629,0.91619551,-4.98E-02
GFAP,8793.602573,-0.058254208,0.321711782,-0.181075768,0.856308104,0.893115279,-6.74E-02
PPP2R5E,235.5649874,-0.059092888,0.069636095,-0.848595654,0.396106326,0.505863342,-4.02E-01
CDK5R1,741.54063,-0.059691841,0.148868072,-0.40097141,0.688441174,0.758296353,-1.62E-01
SVIP,292.9442045,-0.061174799,0.145893952,-0.41931004,0.67498956,0.748476327,-1.71E-01
STAB1,17.40230433,-0.062103348,0.374305666,-0.165916132,0.868222952,0.903258431,-6.14E-02
HDAC2,165.6227642,-0.063206214,0.118493232,-0.533416236,0.593745481,0.690834812,-2.26E-01
PDPK1,365.6342599,-0.06358938,0.077463899,-0.82089051,0.411708637,0.520152566,-3.85E-01
AQP4,956.1609087,-0.063966119,0.244223759,-0.261916035,0.793386177,0.848954081,-1.01E-01
ADORA1,159.9758431,-0.066284651,0.095202441,-0.696249487,0.486272601,0.591327388,-3.13E-01
PAH,26.5725461,-0.068531621,0.194996427,-0.35145065,0.72525029,0.791443769,-1.40E-01
CACNB2,226.5697179,-0.070922052,0.10297155,-0.688753853,0.49097818,0.594215683,-3.09E-01
IDE,46.98159052,-0.071605136,0.119791409,-0.597748504,0.550007756,0.649150785,-2.60E-01
SRC,128.0935767,-0.073622783,0.111715895,-0.659017975,0.509884226,0.612306385,-2.93E-01
GSTP1,324.9659616,-0.076570306,0.158866166,-0.481979944,0.629820194,0.718674495,-2.01E-01
GNG2,226.8140464,-0.079159271,0.175393844,-0.451322976,0.651756788,0.728589905,-1.86E-01
POLR2L,367.9776075,-0.079691099,0.123014769,-0.647817328,0.517103107,0.618556754,-2.86E-01
CACNA1D,38.42146002,-0.081178678,0.143420381,-0.566019124,0.57138078,0.667690005,-2.43E-01
ATG7,88.43343853,-0.082180927,0.181191529,-0.45355833,0.650146751,0.728589905,-1.87E-01
SIRPA,485.0751305,-0.083780101,0.176267021,-0.475302192,0.634571597,0.721535642,-1.98E-01
SF3B2,502.2124768,-0.084425214,0.072862176,-1.158697403,0.24657955,0.347146977,-6.08E-01
ACHE,98.47801235,-0.092332315,0.114927746,-0.803394464,0.421746774,0.528785849,-3.75E-01
GTF2IRD1,30.40905309,-0.097989071,0.162350743,-0.603564048,0.546133522,0.645501655,-2.63E-01
LRRC4,109.3025998,-0.099877333,0.103661227,-0.963497504,0.335297916,0.441278535,-4.75E-01
FUS,859.785325,-0.100275308,0.164674054,-0.608932045,0.542569483,0.642209216,-2.66E-01
CLU,9565.115428,-0.101235238,0.133531991,-0.758134719,0.448370337,0.555413706,-3.48E-01
SHANK2,216.7536764,-0.101659033,0.099903101,-1.017576347,0.308879333,0.415778373,-5.10E-01
U2AF2,229.8410837,-0.101992824,0.101326572,-1.006575302,0.314138908,0.419360193,-5.03E-01
ALDH2,586.4484586,-0.103602524,0.13098585,-0.790944398,0.428976439,0.536220548,-3.68E-01
TAF10,194.7998012,-0.104422982,0.155400075,-0.671962236,0.501607738,0.605009333,-3.00E-01
SLU7,189.2171723,-0.106028833,0.138920596,-0.763233356,0.445324239,0.553301954,-3.51E-01
RAN,990.7927999,-0.108280535,0.054957173,-1.970271184,0.048807299,0.115045776,-1.31E+00
CUL1,236.5440839,-0.10951201,0.072599994,-1.50843002,0.131444505,0.211387361,-8.81E-01
ATF4,816.5396171,-0.110664781,0.129898935,-0.851929852,0.394253027,0.504277127,-4.04E-01
CDC27,133.9671416,-0.111876019,0.081562268,-1.371663902,0.170168091,0.260461364,-7.69E-01
UGCG,255.4268623,-0.11358679,0.093757118,-1.211500452,0.225703662,0.326676352,-6.46E-01
AP3S1,501.3244622,-0.114354687,0.097062754,-1.178152094,0.238735977,0.341991951,-6.22E-01
CHRNB2,137.183798,-0.114365083,0.136304432,-0.839041559,0.401445989,0.510312697,-3.96E-01
TRIM28,195.9421056,-0.114776682,0.076625331,-1.497894763,0.134160595,0.214917457,-8.72E-01
FN1,115.8226325,-0.114920374,0.258365261,-0.444798089,0.656465675,0.732860869,-1.83E-01
OPTN,886.3282995,-0.115297567,0.118928053,-0.969473253,0.332309119,0.439350999,-4.78E-01
SART1,97.58769873,-0.115601514,0.090143265,-1.28241986,0.199695401,0.295336054,-7.00E-01
MAPT,402.5749156,-0.117275076,0.099188645,-1.182343765,0.237069327,0.34073553,-6.25E-01
PRKAA2,108.1499569,-0.1173693,0.108109976,-1.085647264,0.27763508,0.379335877,-5.57E-01
TFAM,64.57298167,-0.121037032,0.118960305,-1.01745731,0.308935931,0.415778373,-5.10E-01
CX3CL1,144.6071329,-0.122144679,0.10377442,-1.177021068,0.239187098,0.341991951,-6.21E-01
RING1,110.0339234,-0.123422094,0.103794179,-1.189104198,0.234398666,0.338667075,-6.30E-01
ISLR2,42.04784606,-0.123844136,0.146354638,-0.846192087,0.397445596,0.506789206,-4.01E-01
CCS,147.0404414,-0.124254535,0.113951484,-1.090416118,0.275529885,0.377909214,-5.60E-01
MTA1,188.2096601,-0.124771392,0.094700306,-1.317539477,0.187657858,0.281486787,-7.27E-01
POLR2B,218.5836476,-0.125704913,0.081483899,-1.542696351,0.122904468,0.20401647,-9.10E-01
VEGFA,131.140757,-0.126500539,0.178972878,-0.706814015,0.479682064,0.585410803,-3.19E-01
PLA2G4C,63.61085348,-0.128699046,0.172852307,-0.744560764,0.456537295,0.562192505,-3.41E-01
NDUFA10,297.2583211,-0.132868866,0.121909738,-1.089895434,0.275759208,0.377909214,-5.59E-01
CRH,61.31380879,-0.134235915,0.191225506,-0.701977044,0.48269348,0.588215836,-3.16E-01
COL4A2,37.70778633,-0.134237403,0.219947457,-0.610315779,0.541652647,0.642045163,-2.66E-01
FYN,374.4164922,-0.135105166,0.120011238,-1.125770961,0.260262479,0.363926347,-5.85E-01
SORL1,562.8681279,-0.138126073,0.161295151,-0.856356019,0.391800884,0.502699424,-4.07E-01
RPL23,1560.738246,-0.141505896,0.212637254,-0.665480265,0.505743362,0.609106969,-2.96E-01
PTEN,190.5955993,-0.141590883,0.130484222,-1.085118809,0.277869038,0.379335877,-5.56E-01
PDE4D,97.78546755,-0.142452742,0.122886973,-1.1592176,0.246367499,0.347146977,-6.08E-01
BECN1,368.7050397,-0.142780824,0.075033917,-1.902883787,0.057055711,0.125522564,-1.24E+00
DAGLA,145.0721711,-0.143925762,0.108133942,-1.330995241,0.183190577,0.275788733,-7.37E-01
NLGN4X,151.2938425,-0.144368005,0.101676693,-1.419873142,0.155644616,0.243194713,-8.08E-01
RYR2,431.982159,-0.145229307,0.093675742,-1.550340605,0.121059786,0.202744516,-9.17E-01
ACIN1,161.7616822,-0.14578953,0.129209847,-1.128315945,0.259186512,0.363037135,-5.86E-01
KCNA1,139.3398627,-0.14580517,0.165553909,-0.880711127,0.378474192,0.489406283,-4.22E-01
GNAI1,270.6093745,-0.145958471,0.144800794,-1.007994958,0.313456883,0.419127922,-5.04E-01
NCAM1,841.5760714,-0.148346157,0.09798612,-1.513950721,0.130038339,0.20994448,-8.86E-01
HOMER1,184.4031952,-0.148687845,0.114920614,-1.293830931,0.195723826,0.291780378,-7.08E-01
FGF2,131.9450285,-0.150791954,0.169017365,-0.892168415,0.372302669,0.483700318,-4.29E-01
STAMBPL1,164.4883967,-0.150998302,0.10580122,-1.427188666,0.153525521,0.240338813,-8.14E-01
DCX,62.75881745,-0.151038761,0.149118455,-1.01287772,0.311118572,0.416676659,-5.07E-01
DNM3,371.7810855,-0.152252419,0.114350921,-1.331448993,0.183041318,0.275788733,-7.37E-01
GPD1L,182.5358673,-0.154078441,0.143190866,-1.076035403,0.281911423,0.382527836,-5.50E-01
AKT2,101.8661053,-0.155156352,0.14227844,-1.09051204,0.275487653,0.377909214,-5.60E-01
LARS,212.8360158,-0.157988679,0.096537623,-1.636550338,0.10172446,0.182838081,-9.93E-01
GNPTG,231.335874,-0.158112742,0.137626959,-1.148850071,0.250617808,0.352231162,-6.01E-01
GBA,139.6738549,-0.15824248,0.092040796,-1.719264576,0.085566207,0.161169226,-1.07E+00
PALM,508.6469549,-0.159286534,0.143367977,-1.111032865,0.266554203,0.370214171,-5.74E-01
GTF2B,82.29790404,-0.15945997,0.145802684,-1.093669648,0.274099891,0.377516544,-5.62E-01
PIK3R1,944.2576119,-0.159902704,0.136546693,-1.171047791,0.241579568,0.342832395,-6.17E-01
CNR1,141.2546099,-0.160203452,0.142560171,-1.123760241,0.261114753,0.364500289,-5.83E-01
CCNH,93.1654776,-0.16055533,0.160415963,-1.00086879,0.316890247,0.422349683,-4.99E-01
SLC1A2,1245.243483,-0.162553412,0.273742641,-0.593818384,0.552633592,0.651318162,-2.58E-01
PTDSS1,210.3380541,-0.164596792,0.121449713,-1.355267026,0.175332497,0.267373955,-7.56E-01
ARHGAP44,270.9709561,-0.169378607,0.113308455,-1.494845255,0.134954833,0.214937716,-8.70E-01
NDUSF3,319.2407741,-0.169511333,0.131076939,-1.293220102,0.195934945,0.291780378,-7.08E-01
NDUSFA2,471.3294278,-0.170265905,0.112255657,-1.516769032,0.129325008,0.20994448,-8.88E-01
MAP2K1,467.6655475,-0.171777519,0.14709829,-1.167773735,0.242898045,0.343135081,-6.15E-01
NRXN1,318.2812311,-0.17511152,0.142365354,-1.230014994,0.21869149,0.318201903,-6.60E-01
LDHC,5.948516821,-0.176525003,0.378771254,-0.466046463,0.641182243,0.725617765,-1.93E-01
PLA2G4B,4.163650967,-0.176882171,0.341864142,-0.517404867,0.604873563,0.698044243,-2.18E-01
GNB1,2414.160282,-0.177029466,0.132028311,-1.340844735,0.179970868,0.272933762,-7.45E-01
SLC32A1,48.02100895,-0.177996275,0.133269643,-1.335610054,0.181676762,0.274511591,-7.41E-01
BCAS2,277.5148511,-0.178444566,0.112058858,-1.592418213,0.111290767,0.189309036,-9.54E-01
PRKCE,191.2448531,-0.182543882,0.155710004,-1.172332394,0.241063631,0.342832395,-6.18E-01
GAD2,200.8496849,-0.183234182,0.131234378,-1.39623614,0.162643397,0.251746346,-7.89E-01
TPM1,394.1119922,-0.183696554,0.103350828,-1.777407669,0.07550119,0.151526423,-1.12E+00
CCND1,83.30853807,-0.1848247,0.157920079,-1.170368587,0.241852671,0.342832395,-6.16E-01
AP2A2,218.262726,-0.186121528,0.104427671,-1.782300856,0.074700183,0.150678854,-1.13E+00
TBPL1,170.0358441,-0.18789403,0.091894212,-2.044677512,0.040886662,0.1047562,-1.39E+00
PLA2G6,67.13576979,-0.188058265,0.160384781,-1.17254433,0.240978585,0.342832395,-6.18E-01
CYCS,154.7184791,-0.189751293,0.124403148,-1.525293342,0.127185948,0.208605183,-8.96E-01
LSR,33.10277526,-0.191030597,0.173136969,-1.103349552,0.269875396,0.372943386,-5.69E-01
OLFM3,204.2200145,-0.193864606,0.119734126,-1.619125752,0.105420209,0.185474908,-9.77E-01
ATP2B3,140.9798144,-0.194413311,0.144992042,-1.340855041,0.179967522,0.272933762,-7.45E-01
EIF2S1,159.6416496,-0.197171568,0.12987814,-1.51812743,0.128982277,0.20994448,-8.89E-01
ATP2A2,578.8938361,-0.198323703,0.148127447,-1.338872079,0.180612321,0.273403972,-7.43E-01
XAB2,47.16257804,-0.198768101,0.156575724,-1.269469468,0.204273673,0.300938894,-6.90E-01
ENTPD4,152.9289875,-0.199886974,0.114830493,-1.740713369,0.081733834,0.158287354,-1.09E+00
GRIN2A,499.8727687,-0.20427775,0.137743373,-1.483031424,0.138066062,0.219047118,-8.60E-01
KCNB1,238.0173978,-0.204401484,0.116232418,-1.758558311,0.078652559,0.154928473,-1.10E+00
KRAS,343.4022661,-0.20461016,0.101804007,-2.009843874,0.044447716,0.109788519,-1.35E+00
GRM5,137.3415791,-0.205304205,0.128622851,-1.596172093,0.110450376,0.189213527,-9.57E-01
NOVA1,300.2898057,-0.206189297,0.109672367,-1.880047846,0.060101557,0.130827928,-1.22E+00
MECP2,155.1603988,-0.206671786,0.086195481,-2.39771024,0.01649791,0.062999411,-1.78E+00
ACTN1,143.1003982,-0.208709803,0.151770519,-1.375166956,0.16907969,0.259276476,-7.72E-01
MTOR,68.20891512,-0.211374216,0.139027415,-1.520377954,0.128416012,0.20994448,-8.91E-01
RAC1,642.4499027,-0.211412939,0.125323749,-1.686934363,0.091615974,0.169849839,-1.04E+00
RAD23B,374.5812743,-0.212005849,0.121950883,-1.73845276,0.082131067,0.158313389,-1.09E+00
TARDBP,320.1393563,-0.214510647,0.128046748,-1.675252603,0.093884681,0.17250526,-1.03E+00
HNRNPM,454.1168633,-0.214521971,0.091163706,-2.35315107,0.01861507,0.06735716,-1.73E+00
ERLEC1,409.6553228,-0.21493656,0.143694634,-1.49578696,0.134709181,0.214937716,-8.71E-01
GTF2H3,32.99091406,-0.215133735,0.129007145,-1.667611012,0.095392971,0.174887113,-1.02E+00
CAB39,262.6729677,-0.216287612,0.131464394,-1.645218191,0.099924823,0.180389452,-1.00E+00
PPM1L,179.9482774,-0.217083578,0.095989992,-2.261523035,0.023726888,0.07528724,-1.62E+00
DNM1L,300.461596,-0.218618564,0.088970204,-2.457211,0.014002042,0.058637993,-1.85E+00
CACNA1A,56.34104158,-0.221029167,0.130847336,-1.689214112,0.091178406,0.169419335,-1.04E+00
ATCAY,592.9973872,-0.223335042,0.139067305,-1.605949306,0.108285049,0.187678919,-9.65E-01
SYP,2423.147895,-0.227541993,0.177806375,-1.279717862,0.20064438,0.296120955,-6.98E-01
PPP2R5C,315.4041201,-0.227715491,0.111708612,-2.038477487,0.041502204,0.105396877,-1.38E+00
SMN1,230.8895601,-0.230971661,0.115439556,-2.000801718,0.045413762,0.110847201,-1.34E+00
PLCL2,164.8680577,-0.231191416,0.091425115,-2.528751714,0.011446897,0.053636998,-1.94E+00
CTNNB1,574.8817908,-0.234600504,0.093653886,-2.504973508,0.012246057,0.055188542,-1.91E+00
SLC4A10,347.5838056,-0.235042329,0.152271822,-1.54357074,0.122692358,0.20401647,-9.11E-01
CDC40,101.2449874,-0.240126662,0.191992932,-1.250705739,0.211041856,0.308704842,-6.76E-01
TOR1A,93.0799435,-0.240708078,0.136566868,-1.762565702,0.077973766,0.154928473,-1.11E+00
MEAF6,444.8862413,-0.240990378,0.097800082,-2.464112222,0.01373531,0.057814442,-1.86E+00
ATP6V0E2,428.9396962,-0.243161919,0.146895111,-1.655343854,0.097854768,0.178212326,-1.01E+00
NELL2,1181.721961,-0.243345986,0.134069943,-1.81506742,0.069513549,0.14301416,-1.16E+00
SLC8A1,1228.645412,-0.244779519,0.139376745,-1.756243618,0.07904682,0.154928473,-1.10E+00
TRPM2,63.41351233,-0.24518213,0.197157077,-1.243587771,0.213651319,0.311417559,-6.70E-01
GABRG2,133.8567994,-0.246634983,0.15096163,-1.633759404,0.10230938,0.183489648,-9.90E-01
MFN2,233.1869533,-0.246808399,0.08389595,-2.941839272,0.003262692,0.040999561,-2.49E+00
VCP,338.3320278,-0.247479338,0.163111131,-1.517243711,0.129205164,0.20994448,-8.89E-01
PQBP1,147.9514351,-0.247488154,0.136963915,-1.806958815,0.070768701,0.144873891,-1.15E+00
GRIA2,850.2213026,-0.251865853,0.119748157,-2.10329628,0.035439878,0.094315805,-1.45E+00
GSK3B,92.97426612,-0.254092163,0.121873892,-2.08487772,0.037080402,0.096502622,-1.43E+00
GALC,90.69134667,-0.255515166,0.148442243,-1.721310331,0.085194526,0.161169226,-1.07E+00
ATP5PO,981.94541,-0.257022893,0.130120992,-1.975260789,0.048238561,0.114659949,-1.32E+00
GRIN1,1059.807761,-0.257273522,0.142795126,-1.8016968,0.071593122,0.145478634,-1.15E+00
CNTNAP1,483.0987434,-0.261482596,0.122950174,-2.126736283,0.033442001,0.090457872,-1.48E+00
NPY,163.5674708,-0.264821484,0.16265585,-1.628109186,0.103501736,0.18460297,-9.85E-01
TBR1,215.1545679,-0.264853254,0.165816586,-1.597266357,0.110206347,0.189213527,-9.58E-01
MNAT1,33.4160183,-0.265432395,0.171919638,-1.543932956,0.122604575,0.20401647,-9.11E-01
ATF6,90.90227312,-0.266600802,0.174316139,-1.529409751,0.126162897,0.207339422,-8.99E-01
SOD2,1193.984616,-0.268803943,0.170769202,-1.57407741,0.115469554,0.194810598,-9.38E-01
ATP6V1H,605.0554416,-0.268984322,0.09318139,-2.886674291,0.00389337,0.041098613,-2.41E+00
PRKCB,954.0790806,-0.272659555,0.155924276,-1.748666474,0.080348688,0.155970983,-1.10E+00
SYT13,313.9949387,-0.273642492,0.148921862,-1.8374904,0.066137532,0.139192511,-1.18E+00
DGKB,660.1707556,-0.275431867,0.141386245,-1.948081067,0.051405264,0.119127367,-1.29E+00
SRI,778.5294225,-0.27582254,0.131396811,-2.099157037,0.03580306,0.094975963,-1.45E+00
GABRA4,225.3713866,-0.276475306,0.140308334,-1.970483846,0.048782945,0.115045776,-1.31E+00
EPHA4,366.9691227,-0.276609148,0.132337577,-2.090178419,0.036601775,0.095558433,-1.44E+00
SPTBN2,379.8929756,-0.278225036,0.141309327,-1.968907802,0.048963679,0.115085571,-1.31E+00
FMR1,99.38876754,-0.280585625,0.147687657,-1.899858328,0.057451714,0.126057617,-1.24E+00
FRMPD4,134.6226475,-0.281047269,0.176236644,-1.59471528,0.11077592,0.189213527,-9.56E-01
B4GALT6,278.1186878,-0.281964609,0.166368351,-1.694821206,0.090109343,0.167810854,-1.05E+00
FGF14,285.7244059,-0.283031999,0.124505723,-2.273244895,0.023011426,0.075037259,-1.64E+00
PGAM1,1562.552566,-0.283390029,0.163811273,-1.729978793,0.083634064,0.160834739,-1.08E+00
NDUSFA12,311.199088,-0.283942783,0.164856371,-1.722364631,0.085003487,0.161169226,-1.07E+00
CYP4X1,78.94709171,-0.285050081,0.13957714,-2.042240441,0.041127687,0.105047497,-1.39E+00
UBQLN1,824.7346674,-0.286321103,0.101383535,-2.824138098,0.004740795,0.041856857,-2.32E+00
ATP13A2,208.9405968,-0.287801594,0.142338589,-2.021950592,0.043181456,0.107627497,-1.36E+00
COX6C,1423.182773,-0.28984534,0.149069953,-1.944357896,0.051852307,0.119826761,-1.29E+00
CAMK2D,416.6452096,-0.290585609,0.140504793,-2.068154421,0.038625505,0.099893546,-1.41E+00
SCN2A,601.1001238,-0.290763728,0.132326946,-2.197313071,0.027998095,0.082980724,-1.55E+00
GNAQ,523.5350549,-0.292069646,0.1032152,-2.829715438,0.004658942,0.041856857,-2.33E+00
OTUB1,593.4994914,-0.293536859,0.156508344,-1.875534889,0.060719174,0.131824523,-1.22E+00
BNIP3,282.2602088,-0.294831059,0.089371513,-3.29893778,0.000970514,0.034820554,-3.01E+00
MAPK3,456.333066,-0.295271294,0.161511742,-1.828172307,0.067523696,0.140674366,-1.17E+00
COX7A2,716.4028282,-0.296215455,0.114727084,-2.581913923,0.009825409,0.051961296,-2.01E+00
AP2B1,593.065248,-0.298235684,0.102864717,-2.899300089,0.003739968,0.040999561,-2.43E+00
RAB6A,704.6493287,-0.300099605,0.17374266,-1.727264939,0.084120093,0.161169226,-1.08E+00
AP3M2,182.8109893,-0.300452504,0.101570992,-2.958054251,0.003095876,0.040999561,-2.51E+00
INPP4A,296.0457499,-0.302293155,0.125019955,-2.417959236,0.015607825,0.061906038,-1.81E+00
PDE1B,161.1467864,-0.304573303,0.189918765,-1.603703048,0.108779524,0.188140686,-9.63E-01
GRIN2C,62.61304853,-0.30680125,0.217064077,-1.413413284,0.157534242,0.245218395,-8.03E-01
NF1,227.6496533,-0.307595881,0.150908083,-2.038299579,0.041519982,0.105396877,-1.38E+00
ATP8A2,219.8154511,-0.307713949,0.170586841,-1.803855135,0.07125402,0.145478634,-1.15E+00
DLG3,156.7757794,-0.309150513,0.145355526,-2.126857654,0.033431912,0.090457872,-1.48E+00
CNTNAP2,253.9837539,-0.309911125,0.1527043,-2.029485256,0.042408889,0.106666968,-1.37E+00
GABRB3,304.0183262,-0.309922647,0.152805016,-2.028222996,0.042537494,0.106666968,-1.37E+00
HRAS,52.813283,-0.311225514,0.156943004,-1.983048026,0.047362065,0.113752581,-1.32E+00
MAP2K2,178.6764108,-0.31142425,0.127400654,-2.444447815,0.014507407,0.059545326,-1.84E+00
NCL,200.1957348,-0.323367351,0.140084466,-2.308374087,0.020978339,0.071571053,-1.68E+00
CERS6,352.8852928,-0.327250208,0.117112392,-2.794326048,0.005200801,0.042047671,-2.28E+00
NEFH,313.1636357,-0.327962192,0.26880462,-1.220076469,0.222435888,0.322512491,-6.53E-01
GTF2A1,224.0528609,-0.32822641,0.11510024,-2.851657044,0.0043492,0.041856857,-2.36E+00
CLTC,1027.438785,-0.328386114,0.164117829,-2.000916748,0.045401362,0.110847201,-1.34E+00
UBE2K,238.8467003,-0.328666714,0.166232659,-1.977148865,0.048024806,0.114523053,-1.32E+00
AMPH,506.0502146,-0.328856545,0.131090649,-2.508619393,0.0121204,0.055188542,-1.92E+00
ATP6V0D1,422.9056696,-0.329225067,0.140163108,-2.348871055,0.018830427,0.067824587,-1.73E+00
PARK7,922.9138365,-0.332168252,0.129339642,-2.568185966,0.010223229,0.053091315,-1.99E+00
GUCY1B3,506.1482034,-0.333667373,0.130932421,-2.548393822,0.010822022,0.053348046,-1.97E+00
ITPR1,451.5332089,-0.335066197,0.190913884,-1.755064585,0.079248261,0.154928473,-1.10E+00
PRNP,2362.294139,-0.337338507,0.167229888,-2.017214217,0.043673163,0.108525179,-1.36E+00
IGF1R,113.4486963,-0.338965919,0.129762578,-2.612200869,0.008996138,0.050147391,-2.05E+00
HCN1,181.4974485,-0.340886126,0.170366625,-2.00089733,0.045403455,0.110847201,-1.34E+00
SUCLA2,306.8539747,-0.342806483,0.138848306,-2.468928095,0.013551845,0.05754787,-1.87E+00
CAMK2G,472.0954462,-0.342838667,0.15662282,-2.188944546,0.028600871,0.08367276,-1.54E+00
LSM7,119.7670862,-0.343437255,0.152065867,-2.25847695,0.02391594,0.075596362,-1.62E+00
NDUSF2,303.4306337,-0.34431729,0.201457035,-1.709135108,0.087425926,0.163750997,-1.06E+00
L1CAM,307.5281709,-0.345364259,0.130006279,-2.656519835,0.007895181,0.047893559,-2.10E+00
KIF3A,283.6901712,-0.348213435,0.169756637,-2.051250783,0.040242531,0.103734908,-1.40E+00
TAF4B,15.53316421,-0.348602195,0.202685191,-1.71991941,0.085447092,0.161169226,-1.07E+00
GNAO1,314.7286264,-0.353056694,0.138575051,-2.547765203,0.010841541,0.053348046,-1.96E+00
PPP3CA,303.8047537,-0.355331397,0.162824508,-2.18229676,0.029087638,0.08449754,-1.54E+00
CACNA1B,76.44098391,-0.3579454,0.152700617,-2.344099237,0.019073096,0.067824587,-1.72E+00
DNAJA2,256.0399033,-0.360175422,0.131889946,-2.730878538,0.006316575,0.043756699,-2.20E+00
MAOB,264.7540801,-0.360272022,0.18846643,-1.911597843,0.055927796,0.124367741,-1.25E+00
MAPK9,588.1550908,-0.360372058,0.157373459,-2.289916358,0.022026166,0.073471281,-1.66E+00
MYH10,223.5378878,-0.36038937,0.180867545,-1.992559633,0.046309689,0.112369099,-1.33E+00
ATP6V0C,1482.575248,-0.361002514,0.11825993,-3.052619048,0.002268537,0.037921861,-2.64E+00
OPA1,265.2143713,-0.361775053,0.153099092,-2.363012394,0.018127063,0.066171802,-1.74E+00
GRIA3,485.5793729,-0.361846902,0.116719667,-3.100136508,0.001934315,0.037135876,-2.71E+00
DLD,354.3220406,-0.362589192,0.144859899,-2.503033591,0.012313386,0.055188542,-1.91E+00
GRIK2,46.31943947,-0.368664231,0.18116908,-2.034918053,0.041859119,0.10593182,-1.38E+00
GLS,466.5515938,-0.369458318,0.152461582,-2.423287974,0.015380729,0.061597579,-1.81E+00
ABAT,491.4696046,-0.370894005,0.161630157,-2.294707946,0.021749867,0.073239349,-1.66E+00
NMNAT2,404.4515309,-0.371498209,0.169055814,-2.197488517,0.027985576,0.082980724,-1.55E+00
RAB3C,491.6117368,-0.372128051,0.193396413,-1.924172457,0.05433297,0.123825139,-1.26E+00
ATP6V1E1,1820.578093,-0.376379313,0.177464231,-2.120874219,0.033932389,0.091186387,-1.47E+00
SYT1,4567.642506,-0.378231313,0.196344378,-1.926366909,0.054058576,0.123825139,-1.27E+00
NEGR1,509.7373872,-0.379068506,0.149143864,-2.541629906,0.011033694,0.053348046,-1.96E+00
PGK1,1333.327299,-0.380558958,0.14051353,-2.708343872,0.006761992,0.044536765,-2.17E+00
CNTN1,479.1485109,-0.382829332,0.183123418,-2.090553656,0.036568094,0.095558433,-1.44E+00
CACNB4,255.8046428,-0.383196225,0.134432524,-2.850472583,0.004365431,0.041856857,-2.36E+00
PPP2CA,668.870461,-0.385113351,0.164827553,-2.33646222,0.019467164,0.068634234,-1.71E+00
GAD1,372.2926139,-0.385241535,0.141687753,-2.718947301,0.006549004,0.044286298,-2.18E+00
SOD1,1096.304469,-0.388864669,0.140457491,-2.768557714,0.005630501,0.042047671,-2.25E+00
CDK5,157.1590444,-0.393161186,0.141212971,-2.784171911,0.005366458,0.042047671,-2.27E+00
SNAP91,364.7910494,-0.393460127,0.184873771,-2.128263653,0.03331523,0.090457872,-1.48E+00
MUTYH,14.01017119,-0.393744353,0.205641756,-1.914710129,0.055529481,0.124367741,-1.26E+00
OXR1,820.0525553,-0.398656723,0.172698665,-2.308394929,0.020977181,0.071571053,-1.68E+00
HTT,109.7967765,-0.398722852,0.163957066,-2.431873548,0.01502095,0.06047934,-1.82E+00
AKT3,1046.762356,-0.398757398,0.158256159,-2.519695921,0.011745625,0.054131781,-1.93E+00
ATP6V1G2,745.3475469,-0.401012151,0.19904628,-2.014667906,0.043939457,0.108859015,-1.36E+00
POLR2K,231.1928332,-0.402876392,0.213654144,-1.885647457,0.059342478,0.129620523,-1.23E+00
SYNJ1,369.7396963,-0.405863932,0.156002031,-2.601658002,0.009277432,0.050687955,-2.03E+00
GABRB2,561.043377,-0.40714372,0.172107053,-2.365642279,0.017998826,0.066073528,-1.74E+00
UNC13A,368.0000326,-0.408209276,0.213042825,-1.916090234,0.055353611,0.124367741,-1.26E+00
SLC12A5,630.5936805,-0.40841462,0.156643207,-2.607292253,0.009126143,0.05034345,-2.04E+00
CHL1,319.7836423,-0.408813922,0.178903153,-2.285113012,0.022306202,0.073906091,-1.65E+00
NEFL,3469.851506,-0.410627704,0.233712838,-1.756975388,0.078922004,0.154928473,-1.10E+00
CADM3,892.6412658,-0.411082847,0.134580746,-3.05454427,0.002254027,0.037921861,-2.65E+00
DLAT,140.5516681,-0.41158745,0.146013496,-2.81883155,0.004819881,0.041856857,-2.32E+00
RTN4,1641.398194,-0.412781102,0.184976329,-2.231534727,0.02564573,0.078653261,-1.59E+00
TXNL1,150.6859973,-0.413961547,0.146740703,-2.821041054,0.004786808,0.041856857,-2.32E+00
ATP6V1D,189.9506448,-0.414607334,0.156419734,-2.650607595,0.008034713,0.048384221,-2.10E+00
MAPK1,380.6253656,-0.416689252,0.146767949,-2.839102508,0.004524062,0.041856857,-2.34E+00
PRKACA,556.8179825,-0.418362671,0.132382107,-3.160266003,0.001576252,0.036122433,-2.80E+00
PTPRN2,336.638851,-0.423064191,0.160294445,-2.639294143,0.008307886,0.048609973,-2.08E+00
GRIA4,391.0795697,-0.426895725,0.163409788,-2.612424451,0.008990256,0.050147391,-2.05E+00
ARC,52.1009062,-0.4296378,0.211418618,-2.032166342,0.042136819,0.106308488,-1.38E+00
CNKSR2,285.4014024,-0.431542959,0.138061955,-3.125719603,0.001773706,0.037135876,-2.75E+00
PPP3CB,874.1808907,-0.433891763,0.150897786,-2.87540179,0.004035137,0.041098613,-2.39E+00
AARS,403.1247415,-0.436008663,0.141265242,-3.086453944,0.002025593,0.037135876,-2.69E+00
UCHL1,1875.431246,-0.436033754,0.154418041,-2.823722878,0.004746941,0.041856857,-2.32E+00
PAK1,800.5379442,-0.448528071,0.171699617,-2.612283462,0.008993965,0.050147391,-2.05E+00
NPTN,1194.595635,-0.451653216,0.198279669,-2.277859447,0.022734953,0.074429906,-1.64E+00
BAD,125.9765391,-0.451831358,0.163980286,-2.755400481,0.005862033,0.042053718,-2.23E+00
SNCA,686.1247486,-0.452510904,0.165065768,-2.741397624,0.006117842,0.04277305,-2.21E+00
CAMK4,224.7583255,-0.452793058,0.142892308,-3.168771401,0.001530847,0.036122433,-2.82E+00
AP1S1,453.3519826,-0.454207626,0.18173107,-2.499339415,0.012442508,0.055188542,-1.91E+00
THY1,1657.061551,-0.454729296,0.200932099,-2.263099319,0.023629568,0.07528724,-1.63E+00
FGF12,596.2689818,-0.456309083,0.155280843,-2.938605135,0.003296928,0.040999561,-2.48E+00
TRIM37,312.203581,-0.462591479,0.178282529,-2.594710109,0.009467073,0.050716463,-2.02E+00
STX1A,424.3377978,-0.467454378,0.160342217,-2.915354334,0.003552849,0.040999561,-2.45E+00
ADCYAP1,94.44166177,-0.469298656,0.142260506,-3.298868183,0.000970755,0.034820554,-3.01E+00
CUL3,133.8774329,-0.469463984,0.175408611,-2.676402151,0.007441729,0.046865852,-2.13E+00
GNB5,176.7489939,-0.472516104,0.145152738,-3.255302734,0.001132716,0.036122433,-2.95E+00
DLG4,645.9571013,-0.474567777,0.197400767,-2.404082738,0.016213103,0.062654889,-1.79E+00
NSF,772.4052284,-0.475519917,0.199982064,-2.377812833,0.017415663,0.065308737,-1.76E+00
ATRN,154.6272825,-0.475971107,0.148294651,-3.209630997,0.001329055,0.036122433,-2.88E+00
PRKCA,274.6299242,-0.476028857,0.147997597,-3.216463416,0.001297811,0.036122433,-2.89E+00
SLC17A6,44.47817882,-0.477173864,0.248566839,-1.919700415,0.054895752,0.124367741,-1.26E+00
GRIN2B,234.4578896,-0.48656318,0.191452879,-2.541425241,0.011040155,0.053348046,-1.96E+00
SYT7,410.3913988,-0.487373988,0.192314398,-2.534256368,0.011268626,0.053636998,-1.95E+00
INPP5F,656.4331493,-0.488529055,0.211659521,-2.308089202,0.020994176,0.071571053,-1.68E+00
RAB2A,750.0939621,-0.490094326,0.183698748,-2.667924145,0.007632149,0.047342276,-2.12E+00
APP,2908.377388,-0.494241515,0.136460303,-3.621870288,0.000292481,0.01856128,-3.53E+00
PINK1,503.7769684,-0.497951436,0.156400033,-3.183832035,0.001453393,0.036122433,-2.84E+00
SNCB,1336.513063,-0.50038533,0.18946589,-2.641031214,0.00826541,0.048609973,-2.08E+00
INA,898.8952676,-0.511233167,0.231413819,-2.209173027,0.027162608,0.081785226,-1.57E+00
SYT4,281.7586384,-0.514354828,0.269532003,-1.908325628,0.056349143,0.124632822,-1.25E+00
MAGEE1,148.6125069,-0.516835216,0.175409801,-2.946444352,0.003214503,0.040999561,-2.49E+00
XK,57.06539696,-0.518336176,0.19798471,-2.61806164,0.008843083,0.050147391,-2.05E+00
ATP6V1A,744.8761672,-0.519730185,0.197878744,-2.626508408,0.008626586,0.049768766,-2.06E+00
MAPK10,824.6646893,-0.52049829,0.181981461,-2.860172067,0.004234112,0.041856857,-2.37E+00
GPRASP1,431.2339907,-0.522077776,0.179911936,-2.901851799,0.00370964,0.040999561,-2.43E+00
MAP2,1933.255579,-0.52293153,0.216592053,-2.414361578,0.015762811,0.061925329,-1.80E+00
PRKACB,962.2327848,-0.532521275,0.205755715,-2.588123857,0.009650028,0.05136305,-2.02E+00
SCN1A,263.8565098,-0.532869869,0.244788434,-2.176858848,0.029491101,0.084755177,-1.53E+00
DLGAP1,577.2188832,-0.5477368,0.170327225,-3.215791246,0.001300854,0.036122433,-2.89E+00
CALM1,2268.024095,-0.548119212,0.245243212,-2.23500258,0.025417179,0.078653261,-1.59E+00
RASGRP1,76.66416902,-0.561003496,0.268223616,-2.09155146,0.036478658,0.095558433,-1.44E+00
RIMS1,96.33387268,-0.561148817,0.255037699,-2.20025831,0.027788573,0.082980724,-1.56E+00
EFR3A,382.0523777,-0.561988376,0.208879196,-2.690494726,0.007134616,0.046346917,-2.15E+00
GABRA1,589.1811537,-0.562282108,0.187852827,-2.993205465,0.002760638,0.040054345,-2.56E+00
GLRB,248.5536614,-0.563762144,0.182281821,-3.092805081,0.001982743,0.037135876,-2.70E+00
GRIA1,245.3612195,-0.565699901,0.193837888,-2.918417589,0.003518129,0.040999561,-2.45E+00
PCSK2,157.3088781,-0.570910504,0.20567512,-2.775787872,0.005506812,0.042047671,-2.26E+00
CALB2,56.35552595,-0.57492813,0.214739087,-2.677333403,0.007421075,0.046865852,-2.13E+00
PLCB1,176.1969846,-0.583940185,0.215154454,-2.71405111,0.006646591,0.044536765,-2.18E+00
MAPK8,137.3846869,-0.587516096,0.146702334,-4.004817637,6.21E-05,0.010356772,-4.21E+00
PRKCG,106.6890982,-0.598615153,0.266643699,-2.245000183,0.024768121,0.077694676,-1.61E+00
HSPA6,96.15907334,-0.609883386,0.445293357,-1.369621569,0.170805063,0.26095218,-7.67E-01
NME5,59.18102776,-0.611671526,0.209566177,-2.918751181,0.003514366,0.040999561,-2.45E+00
CAMK2B,356.1316992,-0.611787183,0.174753612,-3.500855723,0.000463767,0.022506332,-3.33E+00
IPCEF1,146.4053202,-0.623259253,0.288445345,-2.160753379,0.030714395,0.086482512,-1.51E+00
SLC9A6,153.1025275,-0.624794255,0.216460136,-2.886417178,0.003896553,0.041098613,-2.41E+00
EPHA5,41.99862004,-0.62700588,0.260790846,-2.404248036,0.016205773,0.062654889,-1.79E+00
RAB3A,997.7914424,-0.631858268,0.226455172,-2.790213458,0.00526733,0.042047671,-2.28E+00
CPLX1,635.2750552,-0.637117858,0.217269216,-2.932388989,0.003363652,0.040999561,-2.47E+00
CCK,328.2676447,-0.63814105,0.284595251,-2.242275817,0.024943552,0.077948599,-1.60E+00
CADPS,107.3341049,-0.642175522,0.264085144,-2.431698776,0.0150282,0.06047934,-1.82E+00
STX1B,453.6085064,-0.648556953,0.193433668,-3.352864877,0.000799797,0.031420613,-3.10E+00
PVALB,80.50467398,-0.812315218,0.288930145,-2.811458871,0.00493174,0.042047671,-2.31E+00
